0.0211101, -0.104023, -0.3471, -0.127613, 0.0239289, 0.0242196, 0.322809, -0.0175793, 0.0909401, 0.0996198, -0.112294, 0.430179, -0.149596, 0.104791, -0.146387, 0.0235152, 0.0934415, -0.0813913, -0.163589, -0.054386, 0.278048, 0.218622, -0.161547, -0.0297357, 0.058576, 0.14425, -0.165259, 0.0636083, 0.088518, -0.0531733, 0.299988, 0.180565, 0.232923, 0.214914, 0.0601298, 0.0969177, 0.0471718, -0.0559349, -0.0584294, 0.218954, 0.0313298, -0.162788, -0.115486, -0.0345621, 0.108549, 0.0550867, 0.0388547, -0.0644751, -0.0666813, 0.167236, 0.191473, 0.0424154, -0.114322, 0.0296652, -0.0670677, 0.0686554, -0.100174, 0.197227, -0.228151, 0.020718, -0.337223, 0.113415, 0.0388994, 0.0499321
0.213038, 0.286085, -0.0464486, -0.0245932, 0.200763, -0.0928406, -0.132958, 0.233699, 0.0241971, -0.0849941, -0.175989, 0.241431, -0.190279, 0.340259, 0.112312, -0.148431, -0.114583, -0.282335, -0.0878763, -0.142527, 0.161683, -0.0221811, 0.0906933, 0.100656, -0.127098, -0.361134, -0.214314, -0.0872389, 0.227574, -0.117221, -0.00546164, -0.016377, -0.167642, 0.271307, -0.129468, 0.0844982, -0.108918, -0.00406205, -0.00808037, -0.227442, -0.01418, 0.276257, 0.195044, 0.353306, -0.0406308, -0.145173, -0.108358, -0.0784212, 0.0780975, 0.0574324, -0.0746302, 0.0742807, 0.261482, -0.212403, 0.0804087, 0.138074, 0.0974766, 0.149698, -0.0278258, -0.17841, -0.00862062, 0.0295523, -0.344524, 0.0287771
0.279049, 0.298121, -0.144463, 0.176525, 0.0582574, -0.00457355, -0.197671, 0.243842, -0.0185778, -0.128933, -0.197696, 0.116452, -0.153024, 0.135987, -0.0556884, 0.158738, -0.203264, 0.122123, 0.098309, 0.100363, 0.250516, -0.103138, 0.0878959, 0.123496, 0.128662, -0.144819, 0.0760689, 0.00809049, 0.173459, 0.0468235, 0.0192259, -0.000504438, -0.0435916, 0.291711, -0.274275, -0.15173, -0.0872221, 0.0463841, 0.0781181, -0.156096, -0.0385082, 0.0108365, 0.433932, 0.277251, 0.0587023, -0.0224173, 0.0889151, 0.108036, 0.0122489, 0.158168, -0.224128, 0.05585, 0.14395, -0.203767, -0.0359948, -0.0746705, 0.22193, -0.077459, -0.0767995, -0.0949972, -0.191632, 0.0778602, -0.161902, -0.15863
0.221129, -0.186332, 0.0501976, 0.00705722, 0.0414781, -0.0580181, 0.147327, -0.106447, -0.104584, 0.300895, 0.0736315, 0.0216007, 0.101863, -0.246406, -0.330668, 0.393311, 0.0998703, 0.253922, 0.0533051, 0.399054, 0.0151692, 0.00232057, -0.00014117, 0.186506, -0.00712793, -0.137686, 0.0363019, 0.0649741, -0.0992923, 0.113427, 0.0970867, 0.110873, -0.285681, 0.0214757, -0.451888, -0.226253, -0.0238389, -0.0138603, 0.464794, -0.177439, -0.187779, -0.255775, 0.324905, -0.173297, 0.0649443, 0.0250106, 0.127602, 0.0845562, -0.2083, 0.136336, -0.036317, 0.167664, 0.252326, 0.00197426, -0.1766, -0.3047, 0.349688, 0.0288832, -0.10619, 0.0851889, -0.323791, 0.215447, 0.0358395, -0.0284791
-0.0287211, -0.229702, -0.106715, -0.00241474, -0.199417, 0.0554821, 0.109774, -0.052686, 0.0922225, 0.0640878, 0.14215, -0.167079, 0.0766514, -0.308602, -0.176962, 0.125986, 0.233544, 0.0798711, 0.22125, 0.0680049, -0.168755, 0.126215, -0.160378, -0.136675, 0.176502, 0.260467, 0.0671364, -0.0340977, -0.257293, 0.10451, 0.0668259, -0.212537, 0.0846763, -0.164446, 0.0168821, -0.0906563, 0.117689, 0.159366, -0.0241584, -0.0826934, 0.0505359, -0.15595, -0.0285858, -0.199879, -0.249633, 0.019689, 0.0527552, 0.0867687, 0.20291, 0.0712821, -0.15872, -0.0259908, -0.0580815, 0.358779, 0.0304062, -0.00399149, 0.125493, -0.0364439, 0.045931, -0.015851, 0.118205, 0.0209316, 0.31189, -0.108912
0.188601, 0.0148585, 0.116811, 0.00995624, 0.202478, 0.0938428, 0.153068, 0.121652, -0.102213, 0.0589941, -0.180627, 0.179537, 0.228976, 0.118494, -0.0927276, 0.0463839, -0.103427, -0.0803507, -0.141575, -0.0877532, -0.0352244, -0.0648736, 0.0629441, 0.195285, 0.0523582, -0.216756, 0.175831, 0.0450798, 0.298516, 0.0112032, 0.0909686, 0.138477, 0.0262235, 0.111482, -0.201522, 0.0581361, -0.133184, -0.182406, 0.0110065, -0.0413001, 0.113513, 0.19569, -0.0506085, 0.0874427, 0.0163979, -0.129556, 0.0801833, -0.120082, -0.122422, -0.0238205, -0.0416525, -0.0482859, 0.148508, -0.241123, 0.0561147, 0.0832906, 0.0408047, 0.0538902, -0.0874952, -0.0930782, -0.0236974, 0.0141106, -0.261881, 0.0981289
-0.2999, -0.0336168, -0.138666, 0.0957699, 0.100576, 0.135796, 0.0754277, -0.117567, 0.18254, 0.0459635, 0.0728747, 0.218107, -0.0221758, 0.0383652, -0.0177299, 0.139398, 0.104572, 0.0913048, -0.0250679, -0.0885712, 0.0785676, 0.0463028, -0.16509, -0.0508766, 0.0437525, 0.0073345, -0.0968276, 0.0815166, -0.200798, -0.109806, 0.108654, -0.0615822, 0.0766814, 0.145614, 0.350949, 0.0614141, -0.0252981, 0.0639071, 0.152717, 0.123753, 0.121869, 0.0399489, -0.130485, 0.0404886, -0.036808, 0.00321371, -0.228089, -0.0348746, -0.00113624, 0.0173375, -0.204773, 0.00419351, 0.00301661, -0.186082, 0.0285018, -0.0532299, 0.0314671, 0.285894, 0.0744796, 0.228423, -0.150264, -0.0680516, 0.0294261, 0.144096
0.0645371, 0.0294622, -0.100461, 0.0315905, 0.172209, -0.11491, -0.304824, -0.199623, 0.232185, -0.125182, -0.0998313, 0.0534379, 0.129886, 0.31239, 0.0328956, -0.347007, -0.035859, -0.196084, -0.282849, 0.0469001, 0.273757, 0.0946211, -0.0385837, -0.126888, -0.205125, -0.00346038, -0.158503, 0.0600433, 0.0199902, -0.197628, 0.0617112, -0.00444002, -0.0866469, 0.239973, -0.242114, 0.239362, -0.200431, -0.226898, -0.0131607, -0.0737052, 0.157852, 0.0318863, -0.314336, 0.185591, 0.239217, 0.0466941, 0.0556414, -0.117521, -0.20558, 0.279304, 0.0613792, -0.198646, -0.0523011, -0.0241278, 0.0477129, 0.147702, -0.246337, 0.109009, 0.0947016, 0.108375, 0.115217, -0.0215346, 0.0493971, -0.117091
0.000917192, 0.133373, 0.0831455, -0.00215252, 0.099187, -0.254686, -0.0943167, -0.0070942, 0.0714198, -0.239151, -0.0778141, 0.155646, -0.0488826, -0.079236, 0.126556, -0.102857, -0.0811288, -0.10639, -0.013581, 0.077692, 0.163698, -0.247548, 0.0734858, -0.0133691, -0.0977271, -0.16764, -0.112633, -0.00812575, -0.206812, -0.023446, -0.0213801, -0.124028, -0.233243, 0.0337984, -0.175163, 0.120547, 0.0252285, -0.234402, 0.0343703, -0.0545027, 0.031134, 0.0271669, -0.0899147, 0.0796859, 0.160335, -0.13034, 0.144172, 0.0590171, -0.0296557, -0.107835, -0.0641704, 0.193584, 0.184293, 0.0568408, -0.112422, -0.140138, -0.275748, -0.0327085, 0.168204, 0.0086061, 0.0555441, 0.0580751, -0.30949, -0.102828
0.110534, 0.061696, -0.163967, 0.186454, -0.0174573, -0.166851, -0.172396, 0.225097, 0.131195, -0.0293306, 0.199662, -0.0457916, 0.183674, -0.135249, 0.0450605, 0.0977319, -0.113159, 0.0463676, 0.18053, 0.043572, -0.0891247, 0.0753357, 0.133874, 0.110576, 0.101057, -0.220876, 0.0655565, 0.0911172, 0.151879, 0.216349, -0.199926, -0.0489051, 0.07699, 0.324446, -0.0226522, -0.176564, -0.00458873, 0.0629402, 0.0628538, -0.153812, -0.209866, -0.105533, 0.0256409, 0.208577, -0.120818, 0.1464, 0.216731, 0.0650645, -0.0774997, -0.0618974, -0.0419287, 0.0757052, 0.0690687, 0.0889897, -0.25727, -0.0543958, 0.212456, -0.233209, -0.11335, -0.172541, -0.0485343, -0.147741, -0.0452724, -0.189923
-0.112407, -0.242271, 0.0483917, -0.153463, -0.00116875, 0.125638, 0.115532, -0.0361371, -0.0756223, 0.181564, 0.0541489, 0.100408, 0.12927, -0.150201, -0.195873, 0.0553965, 0.180782, 0.0593868, -0.141242, 0.0934284, -0.0190375, 0.182253, 0.0716624, 0.111643, 0.185323, 0.119129, 0.0415035, 0.0623361, -0.0777098, 0.0209958, 0.109786, 0.203719, 0.215024, -0.177395, -0.0342462, -0.156953, 0.190405, -0.0540927, 0.198434, 0.0230829, 0.139385, 0.000322704, 0.0100233, -0.0266913, -0.228173, 0.0670748, 0.149149, -0.0926748, -0.0639336, -0.0445299, -0.0228067, -0.287327, 0.0760131, 0.0144605, 0.0977271, 0.133442, 0.00488683, 0.0190231, -0.261767, 0.0818215, -0.0526041, -0.0147935, 0.0411715, 0.183447
0.11744, -0.0354565, 0.0105615, -0.0367437, 0.0824527, 0.13471, -0.153044, -0.00111613, 0.0105438, 0.0702778, -0.0567577, -0.0190606, 0.296475, -0.0785526, -0.00847945, -0.0744876, 0.0411479, -0.0720076, 0.109056, 0.105279, -0.175774, 0.0949371, 0.0911204, 0.180571, -0.0735338, -0.0357212, 0.156862, -0.286821, -0.0061813, 0.0386279, -0.281775, -0.0606321, -0.121523, -0.0914578, -0.244718, -0.0891549, 0.169516, -0.140463, -0.105031, -0.0920911, -0.159663, -0.0956308, -0.0268559, -0.015424, -0.1175, -0.159773, 0.276692, -1.32894e-06, 0.0675449, -0.1358, 0.173953, -0.037468, -0.0767555, 0.0142522, 0.0921282, -0.127852, 0.000248905, -0.0176106, 0.0625491, -0.0921374, 0.0810394, -0.125558, 0.0294565, 0.0177207
0.218737, -0.0754477, 0.111048, -0.124938, -0.079693, -0.0547461, 0.0367382, -0.0405423, 0.0120471, 0.413327, -0.0864219, 0.148853, -0.131945, -0.133837, -0.0760574, -0.044079, 0.087301, -0.0364284, -0.223997, 0.28623, 0.0712177, 0.117895, 0.136366, -0.0692912, -0.0446177, -0.208503, -0.0392311, 0.111915, 0.0634582, -0.028931, 0.0463168, -0.116078, -0.0918628, -0.252051, -0.139205, 0.179214, -0.223052, 0.237561, 0.0742518, -0.155532, -0.128452, 0.186017, 0.147912, 0.233156, 0.0146318, 0.0728859, -0.113595, -0.0445892, -0.266815, 0.0213958, 0.0501467, -0.138041, 0.16958, 0.0210061, -0.0627488, 0.285513, 0.0403375, 0.156928, -0.103679, 0.0423193, 0.0052395, 0.267435, -0.0446719, 0.0692415
-0.185658, 0.0619991, -0.0912853, 0.0479499, -0.0979101, 0.00929961, -0.201128, -0.333255, -0.0571065, -0.0723055, 0.266468, -0.0272158, -0.136978, -0.175765, -0.0900047, 0.00474467, 0.280378, 0.265498, -0.12474, -0.107741, -0.313435, 0.0206104, -0.0248447, -0.162417, 0.10579, -0.0477212, 0.0936404, 0.0313809, -0.226379, 0.0963785, -0.130645, -0.224544, -0.0635666, 0.166051, 0.0383307, -0.278219, -0.063108, -0.220126, 0.104286, 0.246538, -0.0263573, 0.0332722, -0.0811652, 0.155765, -0.0409666, 0.104162, 0.0742454, -0.153048, -0.0412916, -0.256802, 0.136079, -0.000511021, -0.0425478, 0.0538836, -0.045104, 0.0361638, 0.122757, -0.17719, 0.0742211, 0.0963912, 0.0298501, -0.109474, 0.128563, -0.162191
-0.138733, 0.0646813, 0.0282235, 0.0443244, -0.0957568, 0.000860429, -0.120734, 0.176949, -0.122339, -0.0311949, 0.165072, 0.173523, -0.22733, -0.0619155, 0.0446868, -0.0178981, -0.234355, 0.0350508, -0.201471, 0.0671149, -0.0316173, -0.191634, 0.126459, -0.0712739, -0.212808, -0.175414, 0.00650465, -0.0258597, 0.137242, -0.0195191, -0.0498514, -0.121833, -0.00789077, -0.128249, 0.0911219, 0.138243, -0.290044, 0.0816727, 0.0188867, -0.0056384, 0.0101657, 0.331933, 0.129678, 0.314744, 0.133792, 0.099479, -0.177133, -0.0704255, -0.219856, 0.0377441, 0.0866351, 0.110232, -0.00203848, -0.103982, -0.248713, 0.201262, 0.0171931, 0.182746, 0.18026, 0.153964, -0.0546851, 0.0130208, -0.158155, 0.309984
0.0736259, -0.110614, -0.21001, -0.145607, -0.0960373, 0.187952, 0.184327, -0.105016, 0.275517, 0.36013, 0.207273, -0.352596, 0.134335, -0.19992, -0.142638, 0.0110151, 0.194373, 0.214801, 0.501001, 0.137653, -0.16465, 0.138944, -0.073015, 0.19879, 0.0776517, 0.450834, -0.0223303, -0.140564, -0.376488, 0.107746, -0.0527259, -0.097304, 0.351091, -0.0426906, 0.218521, -0.0290182, 0.00694515, 0.19969, 0.142338, 0.0453461, -0.0939164, -0.302292, 0.0725371, -0.285316, -0.113716, -0.300973, 0.201717, -0.039071, 0.222055, -0.0757772, 0.0605512, -0.0995608, -0.244072, 0.126886, -0.161755, 0.00428812, 0.339431, -0.00954732, -0.0377254, -0.0597285, 0.213338, 0.179668, 0.152803, -0.149727
-0.146618, -0.114779, -0.0615446, 0.00562989, -0.0995234, 0.309265, -0.0585381, -0.0923297, -0.0547479, 0.305744, -0.1253, 0.161292, -0.11936, 0.0238771, -0.135807, 0.095033, 0.157381, 0.00332581, -0.0788653, 0.216694, 0.0286209, 0.0293069, -0.000797832, 0.0147546, 0.0245785, 0.266135, 0.10927, 0.0405405, -0.128898, -0.160415, -0.0524901, -0.0422833, 0.0663874, -0.232363, -0.0281641, 0.00758968, 0.302847, 0.148614, 0.0211216, -0.0847799, -0.0622787, -0.0384372, -0.223321, -0.264386, -0.107011, 0.0609558, -0.202954, 0.137579, -0.11268, 0.106952, 0.0626752, -0.160156, -0.229986, 0.284112, -0.140809, -0.117757, -0.071319, 0.247411, -0.08826, 0.0465508, 0.120915, 0.0978866, 0.123029, 0.0653285
-0.238158, -0.123144, 0.253088, 0.0112517, 0.0928423, 0.304494, 0.0767484, 0.0075285, -0.178644, 0.198842, -0.0695115, -0.0781108, -0.161566, 0.105402, 0.180953, -0.0540244, -0.105014, 0.109715, 0.372234, -0.46741, -0.11817, 0.19199, 0.0412362, 0.0868646, 0.18313, 0.246127, -0.267324, -0.00329301, 0.220958, -0.0823629, -0.0630734, 0.357419, 0.170492, 0.0622491, 0.186325, -0.00459395, 0.0630449, -0.383394, -0.121633, 0.101565, 0.516658, -0.0768937, -0.224916, -0.140062, -0.159479, -0.0470512, 0.0765015, -0.0588752, 0.400264, 0.0390278, 0.283883, -0.260301, -0.216801, -0.115327, 0.451791, -0.0225804, -0.18813, -0.0922016, 0.0406856, -0.037801, -0.106099, 0.0685819, 0.220287, -0.031946
-0.081854, -0.0284094, 0.0159381, 0.0385532, -0.0184254, -0.132322, 0.00886956, 0.0159259, 0.00789204, -0.156667, -0.0352697, 0.10426, 0.0276865, -0.145915, -0.0465346, -0.042965, 0.168345, 0.22547, 0.130437, 0.321144, -0.0850646, -0.0594331, -0.202604, -0.134387, 0.102348, 0.123902, -0.0335041, -0.131369, -0.314095, -0.0808002, 0.103709, -0.189301, -0.150181, -0.0117128, 0.00161557, -0.0664757, 0.179095, 0.176575, -0.021525, -0.0435542, -0.115179, 0.114715, 0.284283, 0.13857, 0.225943, 0.105709, -0.209932, 0.266379, -0.0546694, -0.0443695, -0.198823, 0.239323, -0.103281, 0.261865, -0.00105558, -0.0349341, 0.2185, 0.0747683, -0.029666, 0.0197942, 0.0860089, 0.1209, -0.115086, -0.107892
0.0451357, 0.13382, -0.124108, 0.0392342, -0.0877433, 0.0942794, -0.0967425, -0.0543726, 0.0487897, -0.269998, 0.0732628, 0.0508258, -0.119499, -0.0523636, -0.043888, 0.0635475, -0.0203097, 0.103865, 0.101743, 0.165677, -0.163643, -0.123355, -0.00497415, -0.058417, -0.0508961, -0.0465939, 0.0895911, -0.0823587, 0.0341357, -0.085778, -0.0644037, -0.0908124, -0.115178, 0.148381, 0.0785447, -0.120446, -0.0853268, 0.0569939, -0.148019, 0.016849, -0.122267, 0.139747, 0.179684, 0.105625, 0.0580824, 0.0992372, 0.0908333, 0.108325, 0.0374559, -0.108712, 0.000943523, -0.0623154, -0.15798, 0.0554363, 0.003505, -0.106812, 0.079422, -0.158026, -0.0676414, 0.0578042, -0.148845, -0.197841, 0.138458, 0.016529
0.142672, -0.0705093, -0.0101981, 0.0598961, -0.069382, -0.147614, 0.187608, -0.0356353, -0.0575422, -0.105695, 0.0511307, 0.11375, -0.0292437, 0.159039, 0.102388, 0.0406686, 0.0262785, -0.0520336, 0.272595, -0.07719, 0.0110518, -0.166691, -0.0151299, 0.0685816, -0.170662, -0.0758512, 0.0767204, 0.105781, -0.0723907, -0.0410715, 0.24375, 0.0872652, -0.246283, 0.122743, -0.0246678, 0.176548, -0.133306, -0.0777825, 0.0938423, -0.0758316, 0.0675731, -0.137805, 0.173926, -0.0702146, 0.164912, -0.19175, 0.0713207, 0.141975, 0.396303, 0.135636, 0.0186838, 0.19619, 0.0161737, -3.48355e-05, -0.0101611, -0.0416379, 0.0908972, 0.0494627, -0.0136719, -0.0108904, -0.167554, 0.0871342, 0.0078856, -0.262069
0.0161196, -0.0927534, -0.0811043, -0.174642, -0.0109173, 0.072626, -0.236672, 0.0686091, 0.151996, -0.0182107, 0.00804237, 0.0389718, -0.177559, 0.108575, -0.0819353, -0.179259, -0.0662721, 0.203206, 0.148497, 0.120446, -0.177249, 0.0611124, -0.0370371, -0.185494, 0.12088, 0.138564, -0.13214, -0.117216, -0.183847, -0.202227, -0.0199892, -0.26362, -0.213362, 0.190436, 0.112001, 0.162769, -0.0256403, 0.0781237, -0.253842, 0.185164, 0.022674, 0.0160429, 0.0764088, -0.0566198, -0.00927346, 0.127083, 0.0389302, 0.114666, 0.143577, 0.0171771, -0.132871, 0.0878301, -0.135647, 0.0343021, 0.00556871, 0.0727456, -0.0335859, -0.0841557, 0.117787, -0.0391317, 0.203658, -0.13212, 0.156678, -0.0830659
-0.0987224, 0.0131316, 0.044465, 0.0415539, 0.106835, 0.0321501, 0.0068155, 0.169899, -0.171364, 0.184388, -0.199344, -0.16055, -0.258594, 0.194409, 0.0805063, -0.163715, -0.0837686, 0.148563, 0.015907, 0.0158831, 0.24341, 0.0387818, 0.0149833, 0.143387, 0.173268, 0.0427565, -0.263709, -0.0163877, 0.122097, 0.00785536, 0.202754, 0.0714578, -0.115137, -0.238307, 0.0447261, 0.0123208, -0.00680021, 0.0942253, -0.113427, 0.0373596, 0.0949622, 0.0928817, 0.143174, 0.162499, 0.00557508, -0.0792088, -0.289316, -0.138153, -0.208208, 0.197872, 0.0243671, -0.254664, -0.0577666, -0.028073, 0.0137453, 0.226576, -0.18941, 0.168905, 0.0174353, 0.0477384, -0.0717835, 0.0824413, -0.127928, 0.247974
-0.0466752, -0.0593395, -0.161277, 0.0192192, -0.0177603, 0.00702141, 0.049854, -0.149046, 0.0327144, 0.0617909, -0.29385, 0.392176, -0.0331729, -0.0128386, -0.0360163, 0.199879, 0.0360854, -0.170337, -0.103641, 0.22865, 0.124299, 0.14828, -0.135161, -0.208146, 0.00255957, 0.0569781, -0.0908164, 0.0847814, -0.0620562, 0.063077, 0.0422471, -0.105265, 0.113143, -0.00944632, -0.101426, 0.0763848, -0.0683447, -0.244336, 0.104976, 0.11535, -0.0339699, -0.0937183, 0.0342763, -0.114733, 0.0443962, 0.258022, -0.133063, 0.207095, -0.108929, 0.149875, -0.10654, 0.0586838, -0.184614, -0.00913937, -0.00361494, 0.0113228, -0.0504665, 0.154031, -0.047742, 0.282535, -0.0221781, 0.0527909, -0.09002, -0.0560673
0.0668378, 0.125773, 0.0912062, -0.12424, 0.168072, -0.0345791, -0.224107, -0.0562071, 0.203835, 0.110505, -0.0447969, 0.0143743, 0.162572, 0.179809, -0.0115792, -0.295854, -0.104412, -0.11499, 0.0795431, -0.233446, -0.144404, -0.0387321, 0.161402, 0.0901686, -0.226158, 0.121507, -0.0377434, 0.133453, -0.0185213, 0.000578546, -0.200635, 0.0818165, 0.0605129, 0.267611, 0.141458, -0.0164766, -0.0577157, 0.163143, 0.0207246, -0.0678476, -0.0302246, 0.346206, 0.219777, 0.306932, 0.0151831, 0.0630784, -0.0226113, -0.0142896, 0.11244, 0.0449619, 0.12259, -0.00587408, -0.0703332, -0.105438, -0.201041, 0.201739, 0.0708769, 0.210875, 0.063419, 0.0625442, 0.104415, 0.120206, -0.0738643, 0.05341
-0.229643, 0.0735225, -0.129016, -0.0084922, 0.0616459, -0.0863822, 0.0345264, -0.109139, 0.0190477, 0.0996642, 0.144402, -0.0280753, 0.0151936, 0.0701836, 0.0333492, -0.00321037, 0.15461, -0.063523, -0.0821351, -0.132085, -0.0204918, 0.0248257, -0.12474, 0.0253671, 0.111341, -0.0611983, -0.00351954, 0.255357, 0.108579, 0.112632, 0.167464, 0.186994, 0.322234, 0.197403, 0.271897, 0.0687581, -0.153073, 0.0917437, 0.0500177, -0.0906728, 0.0697701, 0.00150175, -0.112891, -0.0388669, -0.136053, -0.0618755, 0.0648804, -0.238981, 0.014972, -0.000966088, 0.108943, 0.0563488, 0.142952, -0.218293, 0.115707, 0.0271591, 0.0248778, -0.226187, -0.0242544, -0.144781, 0.0541806, 0.110683, 0.0525125, -0.108745
0.19048, 0.0398866, 0.22088, -0.0612757, 0.103918, -0.0432895, -0.174192, -0.0854848, 0.0216231, -0.110558, -0.226806, 0.227602, 0.219425, 0.219169, -0.0454534, -0.152038, -0.0648908, -0.182733, -0.110094, -0.0552391, 0.114283, 0.0918125, 0.0276744, 0.131677, -0.126805, -0.317464, -0.19754, -0.0545322, -0.0677402, -0.00208303, -0.207964, 0.0616973, -0.146908, 0.166976, -0.271329, -0.209989, -0.188595, -0.173875, 0.100839, -0.255472, -0.0970984, 0.106246, 0.316557, 0.269756, 0.0968196, 0.0692464, 0.141603, -0.0094945, -0.119969, 0.162631, 0.175841, -0.0442699, 0.160384, -0.174723, -0.172277, -0.135221, 0.0803059, 0.0660601, -0.200324, 0.229515, -0.0797148, 0.0480915, 0.00140248, -0.0561072
-0.180917, -0.247564, -0.188794, -0.13675, -0.0622055, 0.175034, -0.118677, -0.137924, 0.12882, 0.174497, -0.0721045, 0.019259, 0.0154982, -0.0333359, 0.0106697, -0.136629, 0.312542, 0.168918, 0.174261, 0.0203931, -0.212227, 0.217317, -0.0628294, -0.107677, 0.140894, 0.34623, 0.123282, -0.0647869, 0.02249, -0.13816, -0.0825301, -0.293775, 0.0958355, -0.0136366, 0.217994, 0.034176, 0.241586, -0.0835368, -0.163564, 0.145788, 0.00822334, 0.130867, 0.00625935, -0.162771, 0.09441, 0.292596, -0.0397423, 0.208817, 0.0132488, -0.0143142, 0.0622403, -0.167662, -0.0715243, 0.0978708, -0.0925821, 0.167853, 0.0155767, -0.0553467, -0.0525706, 0.112581, 0.041288, -0.36674, 0.290711, 0.100081
-0.0567293, 0.150027, -0.164238, 0.0194875, 0.0131099, 0.0108481, 0.3117, 0.0010147, -0.0868252, -0.0229875, -0.0492219, 0.16501, -0.0960299, 0.168973, 0.122699, 0.114216, 0.136074, -0.133343, -0.0283548, 0.129799, 0.1224, -0.195382, -0.17791, -0.0514155, 0.0130246, -0.214608, -0.0306851, 0.0674921, -0.0721479, -0.185919, 0.0619579, 0.262352, -0.0601946, -0.086565, 0.0762982, -0.0536469, -0.0416758, 0.0213146, 0.0205196, -0.0162114, -0.0465771, -0.0327758, -0.0915196, -0.0234091, -0.0211527, -0.111545, 0.141134, -0.0232603, -0.0389621, 0.105438, -0.123924, -0.0348104, -0.109087, 0.0540936, 0.21892, -0.0380082, -0.104616, -0.0368738, -0.113929, -0.0818081, -0.15975, 0.114443, -0.0349332, 0.0961234
-0.110563, 0.0877389, -0.0900257, 0.0432869, 0.0590215, -0.0188614, -0.101087, -0.024241, 0.098351, 0.0145112, 0.240551, -0.0532931, -0.142273, 0.0138625, -0.0972186, 0.128662, 0.079953, 0.0114786, 0.192355, 0.139366, -0.119365, -0.0879709, -0.105773, -0.0157464, -0.0260944, 0.123881, 0.0583341, 0.0892642, 0.0525283, 0.0428759, 0.103082, -0.119186, 0.0380461, 0.00153193, -0.0575974, 0.12675, 0.189788, 0.313575, -0.0814765, 0.0995859, -0.0652732, -0.114532, -0.16795, -0.193414, 0.182866, -0.134212, -0.0057435, 0.074344, 0.109947, 0.0353624, 0.0455652, 0.17016, -0.054318, 0.0442701, -0.157503, -0.0243921, 0.0583493, -0.00188258, 0.0444295, -0.191188, 0.145352, 0.0166631, -0.0759305, -0.199066
-0.0179201, -0.253774, -0.0726157, 0.01732, -0.186954, -0.0179418, -0.0368511, -0.169808, 0.143981, 0.189658, 0.29114, -0.186893, 0.117936, 0.106057, -0.150258, -0.092754, 0.237646, 0.0810689, 0.269828, 0.00990651, -0.123233, 0.0428975, -0.204944, -0.0626603, 0.165688, 0.00200448, 0.073279, -0.0398705, -0.122296, 0.029913, 0.187424, -0.261277, -0.169443, 0.0898716, -0.0331873, 0.0123374, 0.234918, -0.162244, -0.0905741, 0.0842504, -0.00754558, -0.0882408, -0.0486489, -0.239363, 0.0509536, -0.0444369, 0.133716, -0.018648, -0.0281233, 0.00927987, 0.0227378, 0.0343144, -0.12596, -0.033245, 0.0783325, -0.0394452, 0.069095, 0.0684878, -0.0684946, 0.0113429, -0.000553191, -0.131817, 0.0346318, -0.0107126
0.342961, 0.148045, 0.0230836, -0.015028, 0.0485636, -0.145099, 0.0670022, 0.22854, 0.0146996, -0.126521, -0.247103, 0.104793, -0.234205, 0.0435023, -0.0952714, -0.200258, -0.0486336, -0.00197896, 0.164148, -0.120362, 0.172484, -0.0479554, -0.0518488, -0.0279084, -0.0854862, 0.138664, -0.0501979, -0.122061, -0.0158332, -0.145199, 0.171297, 0.0181969, -0.0844199, 0.1934, 0.0369755, 0.0722892, 0.151906, -0.190662, -0.225159, -0.0849558, 0.0188118, 0.0362742, 0.158274, -0.0693692, 0.146357, 0.202035, 0.21855, 0.0124123, 0.378492, 0.00686814, -0.0171259, 0.151509, -0.227513, -0.0545784, -0.161819, 0.0645371, -0.0423364, -0.0266771, 0.0584321, 0.0647703, -0.265497, -0.246733, 0.059469, -0.213642
0.0804183, -0.205018, -0.0131402, 0.0895773, 0.137454, 0.0916421, 0.1989, -0.203855, 0.116661, 0.106847, -0.000373793, -0.0815316, 0.277096, 0.164963, -0.189537, 0.0446869, 0.19403, 0.0226448, 0.34575, -0.162034, -0.00561569, 0.00136642, -0.0611495, 0.164419, 0.278522, 0.395636, 0.064394, 0.189284, -0.0807301, -0.132472, 0.128317, 0.00722083, 0.156484, -0.120859, 0.179506, -0.105024, 0.418155, -0.109129, -0.089298, 0.0388612, -0.0459732, -0.169369, -0.221806, -0.383877, -0.161563, -0.149347, 0.137444, 0.0607036, 0.144369, 0.0847805, -0.187124, -0.0492575, -0.275792, -0.0065795, 0.266436, -0.196189, -0.239728, -0.192765, 0.0336929, -0.0273054, -0.0164628, -0.150705, 0.265986, -0.142675
0.0359191, 0.182722, 0.0195911, -0.022331, 0.14206, -0.110471, -0.0511939, 0.0636664, -0.088051, 0.253812, -0.160415, 0.0886507, -0.169485, -0.00641002, -0.138862, -0.0698128, -0.149016, 0.0397844, -0.0149366, -0.0587028, 0.032212, -0.0406688, 0.182813, 0.163696, -0.028098, -0.0900995, -0.0752217, 0.131838, 0.010821, 0.18081, 0.0144262, 0.113614, 0.0165242, -0.0673981, 0.0495173, -0.0871819, -0.253456, 0.179304, 0.0757738, 0.11235, -0.0391385, 0.152397, -0.00820401, 0.133179, 0.096642, 0.141187, -0.112391, -0.138832, -0.133789, 0.0871125, 0.239757, -0.174013, 0.0632813, -0.0118504, 0.0834982, 0.187553, 0.0617658, 0.143791, -0.00424365, -0.0775014, 0.0425443, 0.0483283, -0.175619, 0.187696
0.048085, 0.385206, 0.138681, 0.0679551, 0.207676, -0.279816, -0.366317, 0.156407, -0.337894, -0.285276, 0.0178564, -0.22628, -0.0667899, 0.0563298, 0.230962, -0.114656, -0.366332, -0.141643, -0.0894882, -0.220182, 0.0490999, -0.0791804, 0.134554, 0.175141, -0.198971, -0.161881, -0.041656, 0.194806, 0.0895003, 0.147171, -0.0911772, 0.152572, -0.364772, 0.230529, -0.189539, 0.0950553, -0.403553, -0.199257, 0.0247629, -0.0881602, -0.214511, 0.0676915, 0.0484791, 0.390349, 0.125994, 0.0107749, 0.0206391, -0.0653269, 0.17964, 0.0053898, 0.162654, 0.307053, 0.24202, -0.292512, -0.116638, -0.113021, -0.18308, 0.00831257, -0.0438851, -0.198682, -0.0778005, -0.0729605, -0.312958, -0.118327
0.0556397, -0.0337382, -0.273439, -0.14771, 0.1646, -0.115491, 0.00592837, 0.09912, -0.0667661, 0.112064, -0.0497248, 0.159764, -0.153941, 0.208259, -0.0979258, -0.286135, 0.184707, 0.0981154, -0.157164, 0.0539987, 0.148504, -0.0530738, -0.0342244, -0.0119915, -0.026076, -0.0120417, -0.0955892, 0.134718, 0.120473, -0.180676, 0.147416, -0.133551, 0.0428655, 0.106703, 0.282694, 0.127956, -0.0996226, 0.0241334, -0.220237, -0.0875888, 0.0130027, 0.244411, 0.0537996, 0.243694, 0.05481, -0.0473383, -0.29568, -0.0244661, -0.176754, 0.133878, -0.0511962, -0.128937, -0.097605, 0.108386, -0.0407327, 0.115804, 0.120939, 0.211637, -0.103982, 0.0961099, 0.0883763, 0.109385, -0.0587865, 0.140581
-0.324766, -0.00958522, 0.0514498, 0.227691, -0.0924379, -0.0464218, -0.00375943, 0.161183, 0.0894762, 0.0707402, 0.10472, -0.118087, 0.073682, 0.0728927, 0.114342, 0.0585411, 0.094071, 0.0840598, -0.0154889, -0.136011, -0.0594617, -0.0430841, -0.0646343, 0.0390163, 0.103549, -0.0568205, 0.0902333, 0.155507, 0.128585, 0.00144055, -0.241065, 0.0267014, 0.30095, -0.0303203, 0.171664, 0.0540835, -0.086115, 0.244714, 0.0726098, -0.0248076, -0.0778076, -0.0396338, -0.0967212, 0.156692, -0.211967, -0.136853, -0.0228096, -0.31638, -0.12137, -0.195485, 0.0267881, -0.150922, 0.09401, -0.196884, 0.00857067, -0.0767662, -0.198508, -0.0413521, 0.112647, -0.162322, 0.0409848, -0.0519233, 0.178334, 0.0668022
0.204802, 0.0660977, 0.0575683, -0.0266828, 0.0664528, -0.00183168, 0.0132319, 0.0377027, -0.139471, -0.182735, -0.149234, 0.259333, -0.169474, 0.043134, 0.105907, 0.0619409, -0.152051, 0.00227036, -0.013398, -0.0135645, 0.152945, -0.0861837, -0.0254665, 0.0374397, -0.0807353, 0.00444604, -0.198645, -0.274887, 0.124137, -0.289852, 0.0977808, 0.11422, -0.122181, 0.0389108, 0.0335071, 0.191529, -0.101899, -0.176364, -0.00966277, 0.234224, 0.289351, 0.230835, -0.115459, 0.0651751, 0.189938, 0.0566512, -0.0912514, 0.196383, -0.255645, -0.0209531, 0.0669594, -0.059855, -0.13802, 0.0322662, -0.097489, 0.131008, -0.304641, 0.104077, 0.141322, 0.180074, -0.257496, -0.18859, -0.0132863, -0.0686335
0.0256747, 0.054202, 0.0329408, 0.0527168, 0.099773, -0.064939, -0.111391, -0.15687, -0.110652, -0.0584841, 0.0108104, -0.0389094, -0.133018, 0.0315743, 0.138348, -0.0428509, 0.082592, 0.1089, -0.0790083, -0.216369, 0.00474614, -0.0931588, 0.079876, 0.080258, -0.0687042, -0.114306, 0.195435, -0.09019, 0.0575549, -0.100431, -0.0779351, 0.0186371, -0.0410505, 0.0453029, -0.112464, -0.0727322, 0.0767395, -0.11898, -0.164051, 0.0971735, 0.0779863, 0.100595, -0.0599949, 0.102171, 0.0560446, 0.0225796, -0.0139582, 0.17987, 0.02098, 0.058394, -0.0870433, -0.05154, -0.218339, -0.0925823, 0.012696, 0.133537, -0.000517679, -0.183945, 0.105058, -0.165145, -0.0275289, 0.127604, -0.130886, -0.00649811
-0.00567343, 0.0162498, 0.152265, -0.00417669, 0.143015, -0.169465, -0.0436592, 0.279474, -0.118423, -0.142101, 0.063664, -0.222759, 0.373718, -0.19472, 0.0894914, 0.0964286, -0.270943, 0.0638557, -0.0191847, 0.284711, -0.0943509, -0.266814, 0.264531, 0.0785355, 0.124105, -0.248023, 0.10975, -0.105644, 0.0707969, 0.379023, -0.0382676, -0.11773, -0.386944, 0.0207634, -0.28274, -0.203744, -0.175812, 0.0340083, 0.206856, -0.119894, -0.424268, 0.119772, 0.306739, -0.0512614, 0.0469249, -0.105615, 0.00851532, 0.0526427, 0.0259133, -0.00661698, -0.09832, 0.232702, 0.291018, -0.0350607, -0.218441, -0.0505589, 0.450891, -0.00869584, 0.0176183, 0.135893, -0.217505, -0.130265, -0.0746369, 0.0776171
0.0391857, 0.103396, -0.0580201, 0.117267, 0.231601, 0.0166557, -0.0489778, 0.153779, -0.130643, -0.0554382, -0.142546, 0.0190297, 0.0407405, 0.0446622, -0.0735586, -0.169682, -0.0406774, 0.0315631, -0.242534, -0.179285, 0.054127, 0.132824, -0.159328, -0.0321923, -0.102497, 0.0795169, -0.0203651, 0.0562199, 0.098732, -0.200305, 0.0730019, 0.0104439, -0.0116502, -0.158882, 0.0929495, -0.0727426, -0.122338, 0.0193773, -0.123156, -0.139802, -0.0517692, 0.24338, 0.0467059, 0.162273, 0.0497146, 0.0378823, -0.103005, 0.161568, -0.107457, 0.0843259, -0.234593, -0.0824323, 0.0497008, -0.0460381, 0.0439562, 0.262008, -0.167657, 0.0893741, 0.288393, -0.160581, 0.0260226, 0.044142, -0.152282, 0.258524
-0.369937, -0.355878, 0.0802304, -0.0857819, -0.268967, 0.542625, 0.285904, 0.0334444, -0.00176361, 0.239534, 0.159119, 0.180815, -0.0784455, -0.245071, -0.0765631, 0.37589, 0.034447, 0.0342436, -0.0169756, 0.0261211, -0.271962, 0.0508893, -0.290878, -0.14071, 0.0215226, 0.421586, 0.0383564, 0.0790442, -0.128974, -0.00724155, -0.312077, 0.0738494, 0.292795, -0.291418, 0.477596, -0.163067, 0.237651, -0.210025, 0.092522, -0.22169, 0.0996553, -0.137263, -0.108336, -0.131598, -0.494691, -0.0727846, -0.220804, -0.0330628, 0.13692, 0.0930663, 0.0780412, -0.13844, -0.162441, 0.476871, 0.20088, 0.0490623, -0.228862, 0.0813107, 0.33965, -0.0705208, 0.442192, 0.0276159, 0.424193, 0.352991
0.191228, 0.148368, -0.0951369, -0.101199, 0.140946, -0.180043, -0.0390888, -0.00700738, 0.0246413, -0.0125429, -0.0346371, -0.253885, -0.059744, 0.28221, 0.0288551, 0.104946, -0.00494055, -0.227575, 0.29042, -0.243679, 0.00610209, 0.126761, 0.120074, -0.00280819, -0.255182, -0.0216002, -0.153967, 0.125824, -0.0937265, -0.0525006, 0.0799068, 0.0973757, 0.029463, 0.0525391, -0.110457, 0.129653, -0.242486, 0.0145648, 0.0208559, 0.29129, 0.146721, -0.0141162, 0.0537944, 0.138248, 0.228533, 0.101661, 0.175862, -0.148881, 0.266948, 0.12908, 0.258723, 0.194464, -0.0292443, -0.402834, 0.140002, 0.149149, -0.133209, -0.116991, -0.0547685, -0.0434236, -0.181339, -0.00292865, -0.00322695, -0.380808
0.164675, 0.0383877, 0.103892, -0.00198241, 0.240968, -0.430834, -0.15047, -0.0675463, 0.0571809, -0.0956033, -0.129668, -0.109948, 0.345337, -0.00144277, -0.115838, -0.00383499, -0.28784, 0.00711886, 0.0799291, -0.0468106, 0.290359, -0.00869802, 0.0957883, 0.269262, 0.0160209, -0.307513, 0.240051, -0.0537755, -0.0658699, 0.244295, -0.0425091, -0.074357, -0.156825, 0.179554, -0.438485, -0.155457, -0.177136, 0.0464647, 0.347155, -0.0578622, -0.345651, -0.218547, 0.0344028, 0.0880667, 0.216343, -0.181265, 0.419687, -0.243375, 0.0244148, 0.0743227, -0.120141, 0.222684, 0.148609, -0.252192, -0.0688278, -0.365813, 0.0549955, -0.0811283, -0.164395, -0.0936991, -0.215224, 0.0417937, -0.258944, -0.337736
-0.240492, 0.0565734, 0.136264, 0.0634577, -0.0361148, 0.0764451, 0.0272171, 0.000755597, -0.226816, 0.0664141, -0.0166363, -0.0442233, 0.068485, -0.114174, 0.0785301, 0.059403, 0.111136, -0.183905, -0.229453, 0.134234, -0.198848, -0.162381, -0.0846775, 0.118593, -0.107317, -0.273932, 0.10939, 0.029664, 0.0120564, 0.212742, -0.128851, 0.113001, -0.0506264, -0.352346, -0.0622368, 0.0645442, -0.147019, 0.23652, 0.0513461, -0.192572, 0.0266434, -0.0362427, -0.0121462, -0.0814292, -0.0409499, -0.105727, -0.190493, -0.246167, -0.0796068, -0.128648, 0.121574, -0.195642, 0.174144, -0.00549761, 0.0422978, 0.0987464, 0.0753637, -0.0210246, -0.00396259, -0.181218, 0.0720413, 0.21485, -0.0531913, 0.348021
-0.0612723, -0.0153162, -0.0601333, -0.0398464, -0.0921797, 0.061155, 0.193687, -0.0716082, 0.052728, 0.258477, 0.104587, 0.0487118, 0.141906, -0.0950856, -0.0838744, 0.256988, 0.0111795, -0.0193314, -0.240909, 0.109645, 0.0483666, -0.0774763, -0.167117, -0.00907356, -0.0837474, -0.0566034, 0.00636647, 0.178658, 0.0282609, 0.0948642, 0.17428, -0.0776055, 0.282109, -0.062411, 0.0881161, -0.155995, -0.0970272, 0.0773894, 0.210636, -0.112285, -0.034732, -0.0622737, 0.098728, -0.0117559, -0.122086, -0.175939, -0.0475147, -0.0794901, -0.266946, -0.0596401, -0.0615878, 0.0815553, 0.193589, 0.00321107, -0.0537852, 0.0211931, 0.252572, 0.070501, -0.123497, 0.0473303, 0.109727, 0.193505, 0.0712054, -0.0863765
-0.0648732, 0.154702, -0.0359513, 0.283923, -0.0177539, -0.0460126, 0.223585, -0.116747, -0.206096, -0.135091, -0.133732, 0.120967, -0.13163, 0.0258374, 0.137324, 0.174908, 0.022651, 0.043248, 0.0820231, -0.183609, 0.193229, -0.249139, 0.0574724, 0.0822778, -0.222962, -0.129279, 0.00720193, -0.00895299, 0.0762508, -0.046537, 0.181937, 0.106443, -0.0402652, 0.149899, 0.252006, -0.243577, -0.0827553, -0.0615713, 0.0331753, 0.0460291, -0.0891051, 0.0471939, 0.0465821, -0.0662834, 0.130054, -0.172545, -0.0723275, -0.0128429, -0.00609254, 0.0255811, 0.0275686, 0.0980677, 0.11819, -0.204063, 0.0568475, 0.079203, 0.000123693, -0.0317167, 0.0437983, 0.122243, -0.192125, 0.224745, 0.00988729, -0.0279909
-0.203138, -0.110214, 0.0760125, 0.00557414, -0.0342048, 0.237379, 0.101526, 0.124042, 0.00567531, 0.232521, -0.0477818, -0.305501, -0.0369757, -0.225954, 0.0390758, 0.231289, -0.0716138, -0.0171125, 0.158128, 0.113881, -0.17295, -0.0609745, -0.0429921, 0.179344, -0.00956473, -0.14447, -0.0747469, -0.0336235, 0.0126205, -0.151185, -0.15645, 0.126306, 0.167709, -0.352846, 0.296113, -0.119431, 0.177543, 0.243305, -0.00920065, -0.263988, 0.0678204, -0.065309, -0.0148622, 0.0249764, -0.377061, -0.119176, -0.0185042, -0.113112, 0.115539, -0.0213646, -0.0640727, 0.0974122, 0.0503485, 0.17108, 0.188723, 0.164327, 0.0628635, -0.04646, 0.107844, -0.0693088, 0.318834, 0.314535, -0.0388683, 0.270221
-0.151644, -0.136972, -0.0944322, 0.0479819, 0.0328512, 0.363355, 0.261635, 0.0379117, -0.22715, -0.12945, 0.0139418, -0.0378672, -0.114915, -0.229394, 0.0401743, 0.233777, 0.140567, 0.144778, 0.177226, -0.0170687, -0.0219149, -0.0295296, 0.0845106, 0.101332, 0.217531, 0.161844, 0.0341372, 0.174146, 0.239054, 0.0499596, 0.0388828, 0.204546, 0.171253, -0.0741448, 0.212489, -0.0860725, 0.394814, 0.103354, 0.0788944, -0.126312, 0.0785173, -0.102254, 0.0165819, -0.0486298, -0.409561, -0.0272624, -0.0238895, 0.0634442, -0.200395, -0.0814531, -0.0120166, -0.258815, -0.103294, 0.033549, -0.0230956, 0.0152901, 0.15881, -0.128356, 0.118961, 0.0934008, -0.167551, -0.28819, 0.0236748, 0.129717
-0.0339149, 0.0066881, 0.140804, 0.0910054, -0.114088, 0.0445265, -0.0627076, -0.193828, -0.0888068, -0.0431348, 0.0705702, -0.221622, 0.114687, -0.391728, 0.0412702, 0.182311, 0.0993001, 0.0445656, 0.168036, 0.219892, -0.109892, 0.0858871, -0.0307284, -0.0900303, 0.14986, 0.108557, 0.170613, -0.0465477, -0.18774, 0.0901598, -0.157429, -0.11256, -0.0379784, -0.0391943, 0.00543182, -0.123654, 0.211312, 0.100479, 0.120197, 0.0366028, -0.0352809, -0.211772, -0.0921812, -0.220449, -0.201473, -0.0804812, -0.0518513, -0.00947185, 0.194403, -0.139482, 0.00337459, -0.0772992, -0.0188735, 0.26957, 0.0731708, -0.0894623, 0.0155559, -0.142579, -0.0859674, 0.143694, 0.0406031, -0.148919, 0.23738, -0.0684806
-0.147445, -0.0036369, 0.0739562, 0.1847, -0.15293, -0.114951, -0.0277985, 0.136363, -0.00751396, 0.09203, 0.00421487, 0.0625796, 0.168137, 0.10783, 0.0153023, 0.0513313, 0.0419264, -0.166213, 0.0629627, -0.0698925, -0.0932533, -0.189147, -0.117887, 0.0368347, -0.0548295, -0.082027, -0.0126113, 0.118872, -0.0746745, 0.0382668, -0.0474327, -0.0259594, -0.21965, -0.172892, -0.103015, -0.0521927, 0.143836, 0.0129483, -0.0682163, -0.0847258, -0.14945, 0.130484, -0.0245912, -0.183139, 0.120484, -0.28661, 0.0847829, 0.0688498, 0.146721, -0.123005, -0.0416893, 0.124004, 0.0929443, -0.109022, 0.210368, -0.114339, 0.0243566, 0.0597519, 0.229996, 0.000367951, -0.107119, 0.106075, -0.0430168, 0.0282849
-0.109749, -0.0155815, 0.155215, -0.0885531, 0.102264, 0.0953222, 0.0750282, -0.0135042, 0.00926283, -0.0334312, -0.0914375, 0.216179, 0.0817297, 0.0717049, 0.0738891, -0.0145341, -0.0198046, -0.0645096, -0.238998, -0.0273118, -0.00263852, 0.111704, -0.104042, 0.0108891, -0.199558, 0.131087, 0.0370072, 0.0568328, -0.0464551, -0.125762, -0.126245, 0.092478, 0.104186, -0.207391, 0.114888, 0.153337, -0.124928, 0.0695659, 0.00299508, 0.211964, 0.10522, 0.121756, -0.148654, -0.091651, 0.0678208, -0.0277686, -0.211979, -0.0406836, -0.0231244, 0.0732183, 0.123986, -0.21282, -0.0766618, 0.00270333, -0.0570796, 0.180076, -0.283674, -0.0117806, 0.151115, 0.115327, 0.0615134, 0.121111, -0.131104, 0.0993813
-0.232712, -0.0305385, -0.0439635, 0.0587753, -0.119778, -0.0297087, -0.172767, 0.00169519, -0.0788845, 0.23772, 0.0168716, 0.0322279, 0.23146, -0.0364502, 0.108114, -0.0110866, 0.166247, -0.0422443, -0.150788, -0.00552436, -0.132709, 0.0572567, 0.0445833, 0.0255875, -0.0803814, -0.0382532, 0.0770145, 0.0124244, -0.0975657, 0.0504554, -0.215264, -0.10123, -0.0673578, -0.186055, 0.0759731, 0.0111518, -0.0602762, 0.0269665, 0.0635016, -0.013338, 0.0755932, -0.0874554, -0.0609768, -0.13048, -0.0743322, -0.0777424, -0.107464, -0.103458, -0.246882, 0.0636038, 0.276664, 0.0490994, 0.148872, -0.120884, 0.10984, 0.00165234, 0.0130777, 0.19454, 0.0754118, 0.00764171, 0.140637, -0.154759, -0.0320667, 0.117151
0.233018, 0.162108, 0.183694, -0.114059, -0.184305, -0.209958, 0.0835747, 0.0876645, -0.27213, -0.193623, 0.183777, -0.371296, 0.0654231, -0.00678671, 0.217773, -0.0423997, -0.359452, -0.169755, 0.236616, -0.119216, 0.0771239, -0.0388366, 0.126345, 0.301391, -0.198078, -0.269338, 0.00758753, -0.110572, 0.218391, -0.0152313, -0.243344, 0.242511, -0.135938, 0.17333, -0.0561844, 0.0204431, -0.199923, -0.0828912, 0.0845218, 0.0792262, 0.108367, -0.183254, 0.125168, 0.000394471, 0.143625, -0.11567, 0.227355, -0.07593, 0.299776, 0.0335008, 0.208228, 0.176602, 0.0790523, -0.158376, 0.166124, -0.0965153, -0.0713494, -0.279819, 0.159972, -0.147318, -0.0386992, -0.115746, -0.10773, -0.140926
0.248628, 0.075961, 0.189664, -0.164502, -0.0985823, -0.305528, -0.214971, 0.129967, -0.195396, -0.266332, -0.143258, -0.0759156, 0.00801213, 0.205752, 0.0408081, -0.331239, -0.206271, -0.213155, 0.043388, -0.220824, 0.0665777, -0.0884194, 0.239663, 0.0182763, -0.154578, 0.0433381, 0.197605, -0.208122, 0.339131, 0.039683, -0.0167605, 0.204596, -0.126419, 0.0408518, -0.181346, -0.0764398, -0.247486, 0.161436, -0.160148, -0.085465, 0.0435971, 0.132404, -0.0871236, 0.203346, 0.164552, -0.0937884, -0.0721279, -0.247681, 0.102601, 0.0574533, 0.145865, -0.243093, -0.081745, -0.248109, -0.097037, 0.00306935, -0.117383, -0.197881, -0.0754598, -0.100243, -0.00357519, -0.319262, -0.101967, -0.131327
-0.0103311, 0.195994, -0.164991, 0.123004, 0.000942132, -0.0868009, 0.0411687, -0.062792, 0.0389174, 0.0457, 0.102634, 0.122635, -0.106356, 0.0148816, 0.038638, -0.0197829, 0.121352, -0.17561, -0.125507, -0.14217, -0.0530589, -0.0666802, -0.0541531, -0.0451156, -0.0959009, -0.218741, -0.00581256, 0.17194, -0.0505937, -0.0856219, -0.000626016, -0.113107, 0.326718, 0.325046, -0.138034, -0.185154, -0.286757, 0.079582, -0.117599, 0.13156, -0.147421, 0.347042, 0.0699124, 0.271181, 0.00951767, 0.0880965, -0.0531225, 0.049812, -0.263618, -0.176621, 0.220878, -0.0168151, 0.318863, 0.032245, 0.00811113, 0.137601, 0.282874, -0.212776, -0.223211, -0.00726605, 0.207435, 0.026145, 0.0123068, -0.268733
-0.0845573, -0.128713, 0.0413974, -0.09492, -0.171424, -0.00787576, -0.0277154, 0.0381319, 0.00347624, 0.0705928, 0.220039, -0.347437, 0.0260976, 0.0741575, -0.116475, 0.0349578, 0.129789, -0.00963412, 0.252762, -0.0628591, -0.00564973, -0.0127013, -0.0838858, 0.0120179, 0.0102187, -0.0345692, 0.0717618, 0.383432, -0.173639, 0.150029, 0.140272, -0.137035, 0.0293739, 0.216256, 0.0881131, -0.0826528, 0.0881952, 0.0197012, 0.128896, -0.0724441, 0.123976, -0.196071, -0.106667, -0.20494, 0.0323693, -0.147692, 0.0405616, -0.128475, 0.158754, -0.0620984, -0.131143, 0.13138, 0.122055, -0.290256, -0.0217799, -0.00700499, 0.22165, -0.112885, -0.0780906, -0.0583947, -0.0852001, -0.0324712, 0.127393, -0.0156555
-0.19048, -0.222486, 0.0883494, 0.0370838, -0.140668, 0.091086, 0.152429, -0.275795, 0.291967, 0.130238, 0.321518, -0.231041, -0.00754684, -0.0443582, -0.154476, 0.0299812, 0.202349, 0.126815, 0.00820946, 0.103514, -0.0870734, 0.0414521, -0.278826, -0.0753026, 0.139104, 0.132161, 0.121391, -0.106305, -0.220482, -0.100881, -0.0638043, -0.243837, 0.179301, -0.122023, -0.105369, 0.0553341, 0.122554, -0.221198, 0.0567028, 0.211101, 0.0124017, -0.336071, -0.141357, -0.173513, -0.145116, 0.0427048, 0.10187, -0.02342, 0.103331, -0.00781612, 0.192406, 0.126241, -0.0204686, -0.0130241, -0.0807591, -0.184569, -0.0293604, -0.03259, 0.207742, 0.2007, 0.197372, 0.0261932, 0.102627, -0.179692
0.0363737, 0.0234104, -0.164938, 0.109566, 0.0338755, 0.129356, -0.189831, 0.0102276, -0.0614924, -0.0872973, -0.0392924, 0.0713875, 0.0139841, 0.0715314, 0.1287, -0.259438, 0.102623, 0.119219, -0.209431, -0.0484756, 0.0205481, -0.0548467, 0.00222245, -0.289089, 0.0618772, 0.0435844, -0.0249402, -0.145796, 0.141136, -0.113154, 0.00680274, -0.0435131, 0.0690679, 0.0903465, 0.132513, 0.0926713, 0.120936, 0.14142, -0.383141, 0.0103308, 0.126486, 0.098097, -0.0708859, 0.0491809, -0.0682173, 0.0396176, -0.0438024, 0.0847317, -0.0740313, -0.106472, -0.0483391, -0.26892, -0.17573, 0.062378, 0.00719903, 0.101962, -0.0644089, 0.0894404, 0.133047, -0.156984, 0.182645, -0.0139475, 0.0125497, 0.340682
0.35668, 0.0402822, -0.210006, -0.0465182, 0.190009, -0.155861, -0.0269003, -0.031995, 0.170007, 0.359986, 0.0112954, -0.104986, 0.121363, -0.0387878, -0.277004, -0.17707, 0.0586925, 0.135029, 0.198902, 0.461487, 0.164431, -0.049525, -0.030385, 0.0225319, 0.231653, 0.125072, -0.0337084, 0.0171315, -0.149709, 0.0326131, 0.0333224, -0.146065, -0.203915, 0.0163845, -0.163011, 0.00240589, 0.0848546, -0.0352189, -0.100693, -0.0687738, -0.145524, -0.145343, 0.14961, -0.0332507, 0.0760438, -0.0618996, 0.156155, 0.202223, -0.0484748, 0.139999, -0.12581, 0.246857, -0.0385756, 0.0260155, 0.0343018, 0.108515, 0.0134529, 0.0303124, -0.221822, 0.113667, 0.169912, 0.115637, 0.0337909, -0.203673
0.164118, 0.0751249, -0.00786064, -0.158109, -0.0140502, 0.0611414, -0.0874893, -0.0852961, 0.0593028, -0.183255, -0.127865, -0.0500826, -0.282292, 0.0542153, 0.0456454, -0.126738, 0.0340676, 0.121801, 0.154908, 0.0461093, -0.0550636, 0.043328, 0.148929, -0.211598, -0.190217, 0.0498111, 0.0607039, -0.323147, -0.0311028, -0.112795, -0.197006, -0.0902272, -0.156642, 0.366614, 0.143714, 0.0304534, 0.0768288, -0.0406338, -0.260342, 0.0685443, 0.021139, 0.0823733, 0.0531168, 0.100753, 0.00780395, 0.146472, -0.144955, 0.0269265, 0.241407, 0.0420083, 0.106507, -0.0150271, -0.14804, 0.00974177, -0.0971757, 0.135598, 0.213058, -0.0469678, -0.0226593, 0.165939, 0.0330245, -0.0632449, 0.0156, 0.0128351
0.271902, 0.0831943, -0.159667, -0.108286, 0.0666131, -0.0230051, -0.240803, 0.0564071, 0.0331139, -0.26834, -0.0867282, 0.0440467, 0.250747, -0.14092, 0.121147, -0.0372318, -0.252572, -0.0494509, -0.0322728, 0.170514, -0.0447254, -0.0980917, 0.211358, 0.129159, -0.20689, -0.204203, 0.270382, -0.0378426, 0.0982555, 0.186844, -0.0243218, 0.0185822, -0.283873, 0.101988, -0.453919, -0.191061, -0.00371746, -0.0839371, 0.203298, -0.14672, -0.072214, -0.0289761, 0.17064, 0.244063, 0.178961, 0.0278879, 0.0622079, 0.124851, -0.0281046, -0.0248734, -0.0303015, -0.0270822, 0.146019, -0.0315696, -0.0558908, -0.162327, 0.113522, -0.0602448, -0.112319, -0.148918, 0.0463574, 0.0649788, -0.02819, -0.27427
0.0434516, 0.193015, 0.142043, 0.0876028, -0.159275, -0.0586641, -0.0927418, -0.132776, 0.00483635, -0.177982, 0.167096, -0.0719643, 0.0332235, 0.056908, 0.157615, -0.0127696, -0.148665, -0.245868, -0.119297, -0.119909, -0.00382009, -0.0537618, -0.0656009, -0.0122815, -0.187032, -0.191489, 0.0640119, -0.108451, -0.0867089, 0.0683406, 0.0270762, 0.0187099, -0.230626, 0.0981021, -0.158376, 0.0831873, 0.0363123, -0.157784, -0.0627262, 0.0526884, 0.0261336, -0.19652, -0.0717299, 0.11155, 0.200587, -0.0246441, 0.0769075, -0.152559, 0.176779, -0.00279524, 0.118916, 0.106446, 0.0440743, -0.0106911, 0.0704233, -0.07417, -0.0929985, -0.0305936, 0.19103, 0.0109918, 0.195379, 0.218985, -0.0222125, 0.0233032
0.178805, -0.153537, -0.190164, -0.117748, -0.0583485, 0.085278, -0.0965924, 0.0848943, -0.0181029, 0.0792713, -0.0843763, 0.166094, -0.16339, -0.084895, -0.0425317, 0.027388, -0.113862, 0.109758, 0.116155, 0.138639, -0.0249178, 0.00290202, -0.0478957, -0.168096, -0.0229798, 0.0495985, -0.0529608, -0.285912, -0.0569449, -0.0498144, 0.192163, -0.0495235, 0.0455767, 0.0119049, 0.125567, 0.110061, 0.224919, 0.107004, -0.307586, 0.116775, 0.0499624, 0.0400545, 0.274207, 0.0524616, -0.13009, 0.249578, -0.136117, 0.345524, -0.0884463, 0.0810281, 0.0543188, -0.147615, -0.300743, 0.323595, 0.0133312, 0.114757, 0.259074, -0.115254, -0.0226255, -0.00859342, 0.0633057, -0.00791019, 0.0504111, 0.0358715